id,environment,key,expiry,keyFetchedFromVault
1,devnet,NEW_DEVNET_CLIENT_APP_CERTS1,2026-03-24T12:28:00Z,true
2,devnet,DEVNET_NEW_KALP_GATEWAY_ADMIN_CERTS_V1,2026-03-25T07:03:00Z,true
3,devnet,NEW_DEVNET_TLS_CERT1,2040-03-20T11:14:00Z,true
4,devnet,SDK_SUPER_ADMIN_DEV_CERTS,2026-03-24T11:21:00Z,true
5,devnet,NEW_DEVNET_CLIENT_APP_CERTS1,2026-03-24T12:28:00Z,true
6,devnet,NEW_DEVNET_TLS_CERT1,2040-03-20T11:14:00Z,true
7,devnet,DEVNET_WORKFLOW_STORE_VAULT_USER_CERT_KEY,2026-11-12T08:27:00Z,true
8,devnet,BRIDGE_ADMIN_DEV_CERTS,2026-04-03T09:25:00Z,true
9,devnet,SDK_FOUNDATION_DEV_CREDS,2026-03-24T13:38:00Z,true
10,devnet,DEVNET_WORKFLOW_STORE_VAULT_USER_CERT_KEY_0,,true
11,devnet,SDK_TLS_DEV_CERTS,2026-05-09T06:59:00Z,true
12,devnet,SDK_SUPER_ADMIN_DEV_CERTS,2026-03-24T11:21:00Z,true
13,devnet,SDK_ORDERER_TLS_DEV_CERTS,2040-03-20T11:14:00Z,true
14,devnet,SDK_PEER_TLS_DEV_CERTS,2040-03-20T11:14:00Z,true
15,devnet,SDK_FOUNDATION_DEV_CREDS,2026-03-24T13:38:00Z,true
16,devnet,QA_WORKFLOW_ENGINE_USER_CERT_KEY,2026-11-18T07:47:00Z,true
17,devnet,NEW_DEVNET_CLIENT_APP_CERTS1,2026-03-24T12:28:00Z,true
18,devnet,NEW_DEVNET_TLS_CERT1,2040-03-20T11:14:00Z,true
19,devnet,QA_WORKFLOW_ENGINE_USER_CERT_KEY_0,,true
20,devnet,QA_WORKFLOW_ENGINE_USER_CERT_KEY_1,,true
21,devnet,QA_WORKFLOW_ENGINE_USER_CERT_KEY_2,,true
22,devnet,QA_WORKFLOW_ENGINE_USER_CERT_KEY_3,,true
23,devnet,QA_WORKFLOW_ENGINE_USER_CERT_KEY_4,,true
24,devnet,NEW_DEVNET_CLIENT_APP_CERTS1,2026-03-24T12:28:00Z,true
25,devnet,NEW_DEVNET_TLS_CERT1,2040-03-20T11:14:00Z,true
26,devnet,DEVNET_WORKFLOW_STORE_VAULT_USER_CERT_KEY,2026-11-12T08:27:00Z,true
27,devnet,DEVNET_KWALA_ADMIN_CERT_KEY,2026-11-25T07:44:00Z,true
28,devnet,SDK_SUPER_ADMIN_DEV_CERTS,2026-03-24T11:21:00Z,true
29,devnet,NEW_DEVNET_CLIENT_APP_CERTS1,2026-03-24T12:28:00Z,true
30,devnet,NEW_DEVNET_TLS_CERT1,2040-03-20T11:14:00Z,true
31,devnet,DEVNET_NEW_KALP_GATEWAY_ADMIN_CERTS_V1,2026-03-25T07:03:00Z,true
32,devnet,NEW_DEVNET_FAUCET_CERTS,2026-03-25T06:35:00Z,true
33,devnet,NEW_DEVNET_FAUCET_ADMIN_CERTS,2026-05-15T12:21:00Z,true